Date,Tx_out_per_day,Price,Transactions_per_day,Volume of bitcoins sold per day
23-01-2009,1,0,1,0
5/2/2009,1,0,1,0
10/2/2009,1,0,1,0
12/2/2009,1,0,1,0
21-02-2009,1,0,1,0
24-02-2009,1,0,1,0
27-02-2009,1,0,1,0
8/3/2009,1,0,1,0
22-03-2009,1,0,1,0
8/4/2009,1,0,1,0
18-04-2009,1,0,1,0
19-04-2009,1,0,1,0
28-04-2009,1,0,1,0
30-04-2009,1,0,1,0
15-05-2009,1,0,1,0
30-05-2009,1,0,1,0
9/6/2009,1,0,1,0
17-06-2009,1,0,1,0
3/7/2009,1,0,1,0
6/8/2009,1,0,1,0
17-08-2009,1,0,1,0
29-08-2009,1,0,1,0
31-08-2009,1,0,1,0
4/9/2009,1,0,1,0
7/9/2009,1,0,1,0
19-09-2009,1,0,1,0
26-09-2009,1,0,1,0
2/10/2009,1,0,1,0
20-10-2009,1,0,1,0
25-10-2009,1,0,1,0
9/11/2009,1,0,1,0
25-11-2009,1,0,1,0
13-12-2009,1,0,1,0
18-12-2009,1,0,1,0
31-12-2009,1,0,1,0
3/1/2010,1,0,1,0
7/1/2010,1,0,1,0
12/1/2010,1,0,1,0
25-01-2010,1,0,1,0
27-01-2010,1,0,1,0
2/2/2010,1,0,1,0
5/2/2010,1,0,1,0
6/2/2010,1,0,1,0
9/2/2010,1,0,1,0
16-02-2010,1,0,1,0
19-02-2010,1,0,1,0
25-02-2010,3,0,3,0
27-02-2010,1,0,1,0
1/3/2010,1,0,1,0
2/3/2010,1,0,1,0
3/3/2010,1,0,1,0
4/3/2010,1,0,1,0
5/3/2010,1,0,1,0
19-03-2010,1,0,1,0
25-03-2010,1,0,1,0
29-03-2010,1,0,1,0
31-03-2010,1,0,1,0
1/4/2010,1,0,1,0
2/4/2010,1,0,1,0
7/4/2010,2,0,2,0
10/4/2010,1,0,1,0
11/4/2010,1,0,1,0
15-04-2010,2,0,1,0
18-04-2010,6,0,3,0
26-04-2010,1,0,1,0
30-04-2010,1,0,1,0
9/5/2010,1,0,1,0
14-05-2010,1,0,1,0
15-05-2010,2,0,1,0
25-05-2010,1,0,1,0
29-05-2010,1,0,1,0
31-05-2010,1,0,1,0
5/6/2010,1,0,1,0
14-06-2010,1,0,1,0
15-06-2010,2,0,1,0
22-06-2010,1,0,1,0
25-06-2010,2,0,2,0
26-06-2010,1,0,1,0
29-06-2010,1,0,1,0
2/7/2010,1,0,1,0
3/7/2010,1,0,1,0
4/7/2010,1,0,1,0
10/7/2010,1,0,1,0
11/7/2010,2,0,1,0
12/7/2010,3,0,2,0
14-07-2010,10,0,5,0
15-07-2010,3,0,2,0
16-07-2010,1,0,1,0
18-07-2010,1,0,1,0
19-07-2010,1,0,1,0
20-07-2010,1,0,1,0
25-07-2010,5,0,3,0
26-07-2010,1,0,1,0
28-07-2010,1,0,1,0
29-07-2010,1,0,1,0
31-07-2010,1,0,1,0
3/8/2010,6,0,3,0
6/8/2010,1,0,1,0
11/8/2010,1,0,1,0
18-08-2010,2,0.07,1,0.15
19-08-2010,3,0.07,2,0.41
22-08-2010,1,0.07,1,0.07
24-08-2010,2,0.07,2,0.27
25-08-2010,2,0.07,1,0.13
1/9/2010,3,0.07,2,0.39
2/9/2010,1,0.06,1,0.06
8/9/2010,1,0.06,1,0.06
11/9/2010,2,0.06,1,0.12
12/9/2010,1,0.07,1,0.07
13-09-2010,3,0.06,2,0.37
16-09-2010,1,0.06,1,0.06
17-09-2010,1,0.06,1,0.06
20-09-2010,2,0.06,1,0.13
22-09-2010,1,0.06,1,0.06
24-09-2010,2,0.06,2,0.25
25-09-2010,2,0.06,2,0.25
27-09-2010,2,0.06,2,0.25
29-09-2010,2,0.06,1,0.12
30-09-2010,2,0.06,2,0.25
1/10/2010,2,0.06,1,0.12
7/10/2010,1,0.06,1,0.06
8/10/2010,1,0.09,1,0.09
13-10-2010,2,0.1,2,0.38
17-10-2010,2,0.11,1,0.21
18-10-2010,1,0.1,1,0.1
19-10-2010,2,0.1,1,0.2
22-10-2010,1,0.11,1,0.11
24-10-2010,3,0.19,2,1.14
25-10-2010,2,0.15,1,0.3
26-10-2010,2,0.19,1,0.38
29-10-2010,1,0.19,1,0.19
30-10-2010,1,0.19,1,0.19
1/11/2010,1,0.2,1,0.2
2/11/2010,1,0.2,1,0.2
9/11/2010,1,0.34,1,0.34
10/11/2010,2,0.27,1,0.53
12/11/2010,1,0.25,1,0.25
14-11-2010,1,0.3,1,0.3
15-11-2010,2,0.28,1,0.57
16-11-2010,11,0.28,9,28.02
18-11-2010,1,0.29,1,0.29
19-11-2010,14,0.28,14,55.47
20-11-2010,7,0.29,7,14.16
21-11-2010,8,0.29,8,18.56
22-11-2010,1,0.28,1,0.28
24-11-2010,2,0.28,2,1.13
25-11-2010,4,0.28,3,3.4
26-11-2010,1,0.29,1,0.29
27-11-2010,2,0.28,1,0.57
1/12/2010,2,0.23,2,0.9
4/12/2010,2,0.26,1,0.52
5/12/2010,1,0.24,1,0.24
6/12/2010,1,0.23,1,0.23
7/12/2010,1,0.23,1,0.23
12/12/2010,1,0.23,1,0.23
13-12-2010,2,0.23,1,0.45
14-12-2010,3,0.23,2,1.38
15-12-2010,6,0.25,4,5.93
16-12-2010,5,0.25,3,3.69
17-12-2010,2,0.26,1,0.51
20-12-2010,4,0.28,2,2.2
24-12-2010,2,0.25,1,0.5
27-12-2010,1,0.27,1,0.27
31-12-2010,1,0.3,1,0.3
1/1/2011,1,0.3,1,0.3
3/1/2011,2,0.3,2,1.2
4/1/2011,4,0.3,2,2.4
5/1/2011,8,0.3,5,11.96
7/1/2011,1,0.32,1,0.32
8/1/2011,3,0.32,2,1.94
14-01-2011,2,0.45,1,0.9
15-01-2011,2,0.4,1,0.8
16-01-2011,2,0.4,1,0.8
21-01-2011,3,0.44,2,2.64
22-01-2011,5,0.43,3,6.45
24-01-2011,2,0.44,1,0.89
25-01-2011,1,0.43,1,0.43
26-01-2011,4,0.43,2,3.4
27-01-2011,3,0.42,2,2.5
29-01-2011,4,0.45,2,3.57
30-01-2011,2,0.48,1,0.96
31-01-2011,4,0.5,2,4
2/2/2011,3,0.84,2,5.04
5/2/2011,4,0.92,2,7.34
6/2/2011,2,0.92,1,1.84
7/2/2011,2,0.91,1,1.81
8/2/2011,3,0.9,2,5.4
9/2/2011,2,0.94,1,1.87
10/2/2011,7,1.1,4,30.8
11/2/2011,4,1.01,2,8.06
12/2/2011,6,1.09,3,19.62
13-02-2011,7,1.08,4,30.24
15-02-2011,7,1.09,5,37.98
17-02-2011,2,1.05,1,2.1
18-02-2011,4,1.05,2,8.4
19-02-2011,3,1.02,2,6.12
20-02-2011,6,0.96,3,17.19
21-02-2011,7,0.88,4,24.64
22-02-2011,3,0.87,2,5.21
23-02-2011,4,0.95,2,7.6
24-02-2011,7,0.95,4,26.6
25-02-2011,2,1,1,2
26-02-2011,4,0.99,2,7.91
27-02-2011,7,0.96,4,26.88
28-02-2011,4,0.95,2,7.59
1/3/2011,6,0.97,3,17.46
2/3/2011,7,0.95,4,26.6
3/3/2011,1,0.94,1,0.94
4/3/2011,1,0.94,1,0.94
5/3/2011,2,0.92,1,1.84
6/3/2011,3,0.91,2,5.46
7/3/2011,5,0.91,3,13.64
9/3/2011,3,0.88,2,5.3
10/3/2011,1,0.87,1,0.87
11/3/2011,8,0.93,4,29.86
12/3/2011,6,0.92,4,22.08
13-03-2011,2,0.92,1,1.84
14-03-2011,1,0.9,1,0.9
15-03-2011,1,0.9,1,0.9
16-03-2011,4,0.89,3,10.68
17-03-2011,8,0.88,5,35.2
18-03-2011,1,0.85,1,0.85
20-03-2011,2,0.79,1,1.58
21-03-2011,10,0.79,5,39.4
22-03-2011,5,0.8,4,16
23-03-2011,9,0.85,6,45.9
24-03-2011,3,0.9,2,5.4
25-03-2011,10,0.89,5,44.5
26-03-2011,1,0.91,1,0.91
27-03-2011,4,0.9,2,7.17
28-03-2011,6,0.86,4,20.59
29-03-2011,6,0.8,3,14.4
30-03-2011,2,0.8,1,1.59
31-03-2011,4,0.8,2,6.41
2/4/2011,5,0.8,3,11.96
3/4/2011,7,0.8,4,22.4
4/4/2011,3,0.79,2,4.74
5/4/2011,4,0.71,3,8.52
6/4/2011,6,0.75,3,13.46
7/4/2011,2,0.77,1,1.54
9/4/2011,3,0.77,2,4.61
10/4/2011,2,0.76,1,1.52
11/4/2011,7,0.78,4,21.87
12/4/2011,2,0.9,1,1.79
13-04-2011,7,1,4,28
14-04-2011,8,0.94,4,30.08
15-04-2011,3,1.09,2,6.54
16-04-2011,7,1.1,4,30.66
17-04-2011,3,1.09,2,6.51
18-04-2011,8,1.2,4,38.4
19-04-2011,3,1.19,2,7.14
20-04-2011,6,1.2,3,21.56
21-04-2011,6,1.2,4,28.75
22-04-2011,1,1.33,1,1.33
24-04-2011,4,1.95,3,23.4
25-04-2011,7,1.7,4,47.63
26-04-2011,3,1.73,2,10.38
27-04-2011,3,1.95,2,11.7
29-04-2011,14,2.7,8,302.4
30-04-2011,8,4.15,4,132.8
1/5/2011,2,4.09,1,8.18
2/5/2011,8,3.5,4,111.84
3/5/2011,11,3.49,6,230.34
4/5/2011,6,3.58,4,85.92
5/5/2011,90,3.5,4,1260
6/5/2011,9,3.6,5,162
7/5/2011,5,3.7,3,55.5
8/5/2011,5,3.9,3,58.5
9/5/2011,3,3.94,2,23.62
10/5/2011,1,5.2,1,5.2
11/5/2011,5,6.07,3,90.98
12/5/2011,7,5.95,4,166.6
13-05-2011,2,8.45,2,33.8
14-05-2011,6,8.9,3,160.2
15-05-2011,21,8.55,10,1795.5
16-05-2011,6,8.5,3,153
17-05-2011,9,8.39,5,377.51
18-05-2011,13,7.87,7,716.53
19-05-2011,8,7.34,4,234.88
20-05-2011,10,7.1,5,355
21-05-2011,11,6.6,7,508.51
22-05-2011,9,6.61,5,297.45
23-05-2011,21,7.45,11,1720.95
24-05-2011,11,7.2,6,475.2
25-05-2011,7,7.51,4,210.28
26-05-2011,17,9.33,9,1427.49
27-05-2011,12,8.92,7,749.28
28-05-2011,7,8.74,4,244.58
29-05-2011,12,8.5,7,713.92
30-05-2011,11,9,6,594
31-05-2011,12,9.5,7,798
1/6/2011,10,9.39,6,563.46
2/6/2011,11,10.57,6,697.62
3/6/2011,12,14.3,6,1029.6
4/6/2011,13,17.41,7,1584.31
5/6/2011,14,19,8,2127.78
6/6/2011,22,19.23,12,5076.72
7/6/2011,36,19.06,20,13723.2
8/6/2011,21,31.91,11,7371.21
9/6/2011,20,31.5,11,6930
10/6/2011,20,35,11,7700
11/6/2011,15,30,9,4050
12/6/2011,31,24.99,16,12395.04
13-06-2011,20,24.5,11,5390
14-06-2011,21,20.99,11,4848.69
15-06-2011,13,20,7,1820
16-06-2011,30,19.96,15,8982
17-06-2011,20,19.39,10,3878
18-06-2011,15,17.2,8,2064
19-06-2011,14,18.88,7,1849.95
20-06-2011,172,17.35,13,38794.6
21-06-2011,109,15.5,3,5068.5
22-06-2011,104,15.05,11,17217.2
23-06-2011,20,16,10,3200
24-06-2011,22,16.75,11,4053.5
25-06-2011,26,17.6,15,6864
26-06-2011,24,17.51,12,5042.88
27-06-2011,29,18,15,7830
28-06-2011,23,17.52,12,4835.52
29-06-2011,17,17.3,9,2646.9
30-06-2011,20,17.5,11,3850
1/7/2011,16,17,8,2176
2/7/2011,16,16.49,9,2374.56
3/7/2011,134,15.7,10,21038
4/7/2011,18,15.85,10,2853
5/7/2011,10,15,6,900
6/7/2011,21,16.5,11,3811.5
7/7/2011,16,16.25,8,2080
8/7/2011,19,15.64,10,2972.17
9/7/2011,17,15,9,2295
10/7/2011,24,15.68,12,4515.84
11/7/2011,14,15.2,7,1489.6
12/7/2011,15,14.64,8,1756.8
13-07-2011,25,14.15,13,4598.75
14-07-2011,19,14.1,10,2679
15-07-2011,20,14.3,10,2860
16-07-2011,14,14.1,7,1381.8
17-07-2011,18,13.96,9,2261.52
18-07-2011,27,13.69,14,5174.82
19-07-2011,12,14.7,6,1058.4
20-07-2011,20,14.04,10,2808
21-07-2011,118,13.94,2,3289.6
22-07-2011,34,13.94,18,8530.67
23-07-2011,11,13.92,6,918.72
24-07-2011,12,13.98,7,1174.32
25-07-2011,28,14.74,14,5778.08
26-07-2011,7,14.4,4,403.2
27-07-2011,10,14.13,5,706.5
28-07-2011,7,14,4,392
29-07-2011,8,13.8,4,441.6
30-07-2011,15,13.8,8,1656
31-07-2011,12,14.9,6,1072.8
1/8/2011,18,13.55,10,2439
2/8/2011,22,13.45,12,3550.8
3/8/2011,31,13.1,17,6903.7
4/8/2011,8,11.49,4,367.62
5/8/2011,16,11.55,8,1478.4
6/8/2011,17,11,8,1496
7/8/2011,16,9.8,8,1254.4
8/8/2011,6,8.89,3,160.02
9/8/2011,17,12.1,9,1851.3
10/8/2011,8,10.7,4,342.4
11/8/2011,15,10.5,7,1102.08
12/8/2011,23,9.9,12,2731.02
13-08-2011,7,10.05,4,281.4
14-08-2011,22,11.24,11,2720.08
15-08-2011,16,11.89,8,1521.92
16-08-2011,22,11.38,11,2753.96
17-08-2011,8,11.3,4,361.6
18-08-2011,14,11.67,8,1307.04
19-08-2011,13,11.81,8,1228.24
20-08-2011,102,11.8,6,7220.38
21-08-2011,16,11.59,8,1483.52
22-08-2011,10,11.5,5,575.05
23-08-2011,13,11.49,7,1045.59
24-08-2011,13,11.4,7,1037.4
25-08-2011,10,10.97,5,548.3
26-08-2011,8,10.3,4,329.6
27-08-2011,17,9.11,9,1393.83
28-08-2011,14,9.48,7,929.04
29-08-2011,10,9.48,5,474.05
30-08-2011,26,9.15,13,3092.7
31-08-2011,17,9,9,1377
1/9/2011,17,8.45,9,1292.7
2/9/2011,26,8.5,13,2872.66
3/9/2011,14,8.71,7,853.97
4/9/2011,110,8.59,5,4726.7
5/9/2011,14,8.47,7,829.77
6/9/2011,26,7.66,13,2588.07
7/9/2011,8,7.6,4,243.17
8/9/2011,9,7.32,5,329.18
9/9/2011,11,6.94,6,458.04
10/9/2011,6,6.21,4,149.02
11/9/2011,10,7.4,6,444
12/9/2011,5,7.08,3,106.22
13-09-2011,16,6.25,9,900
14-09-2011,8,5.99,4,191.68
15-09-2011,12,5.69,6,409.68
16-09-2011,9,5.23,5,235.35
17-09-2011,6,5.02,3,90.4
18-09-2011,129,5,7,4515
19-09-2011,10,5.6,5,280
20-09-2011,14,6.8,7,665.91
21-09-2011,20,6.29,10,1257.4
22-09-2011,4,5.83,2,46.64
23-09-2011,13,5.71,7,519.34
24-09-2011,8,5.66,4,181.12
25-09-2011,11,5.5,6,363
26-09-2011,11,5.46,6,360.36
27-09-2011,6,5.13,3,92.34
28-09-2011,12,4.99,6,359.21
29-09-2011,4,4.81,2,38.47
30-09-2011,16,5.35,8,684.8
1/10/2011,7,5.3,4,148.4
2/10/2011,8,5.16,4,165.12
3/10/2011,10,5.08,5,253.75
4/10/2011,12,5.03,6,362.16
5/10/2011,13,5.03,7,457.28
6/10/2011,10,4.93,5,246.5
7/10/2011,8,4.85,4,155.2
8/10/2011,12,4.59,6,330.77
9/10/2011,8,4.39,5,175.56
10/10/2011,6,4.26,3,76.66
11/10/2011,9,4.14,5,186.3
12/10/2011,13,4.21,7,382.75
13-10-2011,19,4.45,10,845.5
14-10-2011,8,4.12,4,131.68
15-10-2011,4,4.05,2,32.4
16-10-2011,18,3.9,9,631.96
17-10-2011,2,3.76,1,7.52
18-10-2011,5,2.9,3,43.5
19-10-2011,15,2.65,7,278.25
20-10-2011,12,2.42,6,174.24
21-10-2011,15,2.72,8,326.4
22-10-2011,4,3.3,2,26.4
23-10-2011,3,3.36,2,20.16
24-10-2011,14,3.2,7,313.6
25-10-2011,4,3.04,2,24.32
26-10-2011,11,2.88,6,189.82
27-10-2011,10,3.05,5,152.5
28-10-2011,6,3.26,3,58.59
29-10-2011,7,3.83,4,107.16
30-10-2011,18,3.65,9,591.3
31-10-2011,13,3.39,7,308.31
1/11/2011,6,3.35,3,60.3
2/11/2011,8,3.44,4,110.08
3/11/2011,8,3.3,4,105.57
4/11/2011,12,3.22,6,231.77
5/11/2011,14,3.21,8,359.52
6/11/2011,12,3.05,6,219.6
7/11/2011,2,3.03,1,6.06
8/11/2011,18,3.21,10,577.8
9/11/2011,12,3.11,6,224.21
10/11/2011,10,3,5,150
11/11/2011,82,3,10,2460
12/11/2011,147,3.11,7,3200.19
13-11-2011,10,3.1,5,154.95
14-11-2011,9,3.03,5,136.35
15-11-2011,16,2.69,8,344.32
16-11-2011,8,2.6,4,83.2
17-11-2011,4,2.6,3,31.2
18-11-2011,14,2.39,6,200.76
19-11-2011,4,2.3,2,18.4
20-11-2011,6,2.5,4,59.98
21-11-2011,6,2.29,3,41.22
22-11-2011,20,2.35,10,470
23-11-2011,10,2.38,6,142.8
24-11-2011,4,2.46,2,19.68
25-11-2011,8,2.56,4,81.92
26-11-2011,10,2.53,1,25.31
27-11-2011,21,2.5,6,314.62
28-11-2011,8,2.54,4,81.25
29-11-2011,14,2.98,7,292.14
30-11-2011,12,2.96,6,213.05
1/12/2011,11,3.14,7,241.78
2/12/2011,10,3.14,5,156.9
3/12/2011,8,3.13,4,100.16
4/12/2011,11,2.99,6,197.34
5/12/2011,3,2.93,2,17.58
6/12/2011,11,3.05,6,201.3
7/12/2011,29,3.08,11,983.16
8/12/2011,9,3.1,5,139.5
9/12/2011,22,3.04,11,735.44
10/12/2011,9,3.04,5,136.8
11/12/2011,4,3.38,2,27.04
12/12/2011,6,3.34,3,60.16
13-12-2011,10,3.3,5,165
14-12-2011,15,3.28,8,393.24
15-12-2011,16,3.19,2,102.18
16-12-2011,15,3.23,8,387.6
17-12-2011,12,3.23,6,232.56
18-12-2011,5,3.25,3,48.75
19-12-2011,18,3.7,7,466.2
20-12-2011,8,4.5,4,144
21-12-2011,17,4.11,9,628.83
22-12-2011,17,3.99,9,610.78
23-12-2011,13,3.95,7,359.45
24-12-2011,4,3.95,2,31.6
25-12-2011,2,4.39,2,17.56
26-12-2011,13,4.31,7,392.48
27-12-2011,11,4.06,6,267.96
28-12-2011,11,4.19,6,276.47
29-12-2011,6,4.33,3,77.94
30-12-2011,7,4.3,4,120.4
31-12-2011,16,5,8,639.36
1/1/2012,2,5.2,1,10.4
2/1/2012,8,5.5,4,176
3/1/2012,13,5.29,7,481.39
4/1/2012,6,5.61,3,100.91
5/1/2012,15,6.4,10,959.85
6/1/2012,5,7.22,4,144.4
7/1/2012,13,7.02,7,638.46
8/1/2012,16,7.2,8,921.6
9/1/2012,10,7.2,5,360
10/1/2012,26,6.89,13,2328.82
11/1/2012,7,7.14,4,199.86
12/1/2012,8,7,4,223.9
13-01-2012,21,6.86,11,1584.2
14-01-2012,14,6.75,7,661.5
15-01-2012,10,6.99,5,349.5
16-01-2012,15,7.19,8,862.68
17-01-2012,6,6.98,3,125.64
18-01-2012,14,6.95,7,681.1
19-01-2012,12,6.3,6,453.6
20-01-2012,14,6.58,7,644.84
21-01-2012,12,6.55,6,471.6
22-01-2012,7,6.39,4,178.92
23-01-2012,4,6.46,2,51.64
24-01-2012,8,6.52,4,208.48
25-01-2012,7,6.45,4,180.6
26-01-2012,12,6.2,6,446.4
27-01-2012,7,5.69,4,159.29
28-01-2012,14,5.75,7,563.3
29-01-2012,14,5.76,7,564.48
30-01-2012,14,5.6,7,548.8
31-01-2012,7,5.65,4,158.2
1/2/2012,8,5.64,4,180.42
2/2/2012,20,6.2,11,1364
3/2/2012,21,6.15,11,1420.19
4/2/2012,11,6,6,396
5/2/2012,21,5.96,6,751.34
6/2/2012,11,5.79,6,382.14
7/2/2012,10,5.71,5,285.5
8/2/2012,12,5.85,6,421.13
9/2/2012,14,5.8,8,649.6
10/2/2012,27,5.93,14,2239.65
11/2/2012,22,6,12,1584
12/2/2012,9,5.85,5,263.25
13-02-2012,40,5.72,11,2516.8
14-02-2012,8,5.6,4,179.2
15-02-2012,14,4.88,8,546.56
16-02-2012,22,4.73,11,1145.63
17-02-2012,16,4.77,8,610.56
18-02-2012,8,4.5,4,143.9
19-02-2012,26,4.33,7,788.61
20-02-2012,8,4.52,4,144.64
21-02-2012,10,4.44,5,221.75
22-02-2012,11,4.54,6,299.64
23-02-2012,10,4.93,5,246.25
24-02-2012,12,5.2,6,374.26
25-02-2012,16,5.07,9,730.08
26-02-2012,12,5,7,420.08
27-02-2012,10,5.1,5,255
28-02-2012,6,5,4,120
29-02-2012,8,4.9,4,156.8
1/3/2012,17,4.98,10,847.28
2/3/2012,12,4.99,7,419.08
3/3/2012,8,4.78,4,152.96
4/3/2012,14,4.9,7,480.2
5/3/2012,17,5.04,8,685.44
6/3/2012,10,5.05,5,252.5
7/3/2012,10,5.07,5,253.5
8/3/2012,25,5,13,1625
9/3/2012,9,4.95,5,222.75
10/3/2012,14,4.94,7,484.12
11/3/2012,14,4.99,7,489.02
12/3/2012,10,4.96,5,247.95
13-03-2012,21,5.41,11,1249.71
14-03-2012,77,5.44,6,2515.13
15-03-2012,9,5.45,5,245.25
16-03-2012,17,5.4,9,826.2
17-03-2012,5,5.4,3,81
18-03-2012,13,5.38,7,489.58
19-03-2012,6,5.31,3,95.58
20-03-2012,78,4.98,9,3495.96
21-03-2012,37,4.87,9,1621.71
22-03-2012,11,4.88,6,322.08
23-03-2012,9,4.83,4,173.88
24-03-2012,6,4.75,3,85.48
25-03-2012,20,4.68,10,936.6
26-03-2012,12,4.74,6,341.14
27-03-2012,10,4.74,5,237
28-03-2012,16,4.85,8,620.29
29-03-2012,16,4.86,8,622.21
30-03-2012,2,4.83,1,9.66
31-03-2012,14,4.95,8,554.4
1/4/2012,8,4.93,4,157.73
2/4/2012,10,5.08,6,304.8
3/4/2012,21,5.01,11,1157.31
4/4/2012,27,4.97,14,1878.66
5/4/2012,9,4.95,5,222.53
6/4/2012,9,4.96,5,223.2
7/4/2012,12,4.98,6,358.56
8/4/2012,30,4.8,6,864
9/4/2012,11,4.8,6,316.8
10/4/2012,19,4.9,10,931
11/4/2012,5,4.89,3,73.41
12/4/2012,18,4.98,9,806.76
13-04-2012,9,4.95,5,222.53
14-04-2012,7,5.03,4,140.84
15-04-2012,22,4.98,12,1315.78
16-04-2012,24,4.98,11,1314.72
17-04-2012,14,5.02,7,492.16
18-04-2012,212,5.18,4,4390.94
19-04-2012,13,5.19,7,472.29
20-04-2012,11,5.17,6,341.22
21-04-2012,25,5.48,11,1507
22-04-2012,13,5.33,7,484.94
23-04-2012,12,5.22,6,375.7
24-04-2012,6,5.2,3,93.6
25-04-2012,10,5.16,5,258
26-04-2012,12,5.18,6,372.96
27-04-2012,9,5.14,5,231.17
28-04-2012,22,5.12,12,1351.15
29-04-2012,17,5.02,9,767.75
30-04-2012,20,5,10,1000
1/5/2012,22,5,9,990
2/5/2012,13,5.18,7,471.29
3/5/2012,15,5.18,8,622.08
4/5/2012,40,5.15,20,4120
5/5/2012,21,5.15,11,1189.65
6/5/2012,20,5.1,10,1019.8
7/5/2012,45,5.1,23,5273.33
8/5/2012,40,5.1,20,4080
9/5/2012,32,5.1,17,2772.22
10/5/2012,18,5.13,9,830.25
11/5/2012,42,5.03,22,4649.57
12/5/2012,62,5,31,9610
13-05-2012,40,5,20,3999.2
14-05-2012,52,5.04,26,6808.67
15-05-2012,57,5.09,29,8413.77
16-05-2012,40,5.09,20,4072
17-05-2012,73,5.14,18,6747.39
18-05-2012,53,5.13,27,7341.03
19-05-2012,82,5.14,41,17290.77
20-05-2012,70,5.15,23,8291.5
21-05-2012,65,5.15,32,10707.84
22-05-2012,54,5.12,27,7464.96
23-05-2012,67,5.16,30,10371.6
24-05-2012,66,5.23,33,11395.3
25-05-2012,49,5.15,24,6056.4
26-05-2012,53,5.15,26,7095.32
27-05-2012,65,5.15,21,7027.02
28-05-2012,58,5.16,29,8679.12
29-05-2012,57,5.16,29,8527.83
30-05-2012,38,5.17,19,3734.91
31-05-2012,45,5.19,23,5371.65
1/6/2012,77,5.27,23,9333.17
2/6/2012,54,5.28,8,2280.53
3/6/2012,76,5.27,38,15205.32
4/6/2012,83,5.28,42,18402.59
5/6/2012,77,5.5,38,16093
6/6/2012,29,5.47,14,2220.82
7/6/2012,57,5.53,29,9139.44
8/6/2012,34,5.66,18,3463.92
9/6/2012,52,5.7,19,5631.6
10/6/2012,91,5.62,46,23525.32
11/6/2012,55,5.55,28,8539.3
12/6/2012,38,5.7,20,4332
13-06-2012,125,5.96,63,46935
14-06-2012,138,5.95,69,56655.9
15-06-2012,149,6.17,62,56952.27
16-06-2012,127,6.6,53,44417.87
17-06-2012,70,6.53,36,16455.6
18-06-2012,64,6.47,32,13244.42
19-06-2012,86,6.53,43,24159.03
20-06-2012,77,6.65,27,13825.35
21-06-2012,57,6.8,29,11240.4
22-06-2012,25,6.8,12,2040
23-06-2012,44,6.65,22,6438.17
24-06-2012,54,6.59,27,9611.14
25-06-2012,89,6.45,32,18369.6
26-06-2012,49,6.45,25,7902.48
27-06-2012,72,6.56,33,15577.06
28-06-2012,57,6.67,26,9883.46
29-06-2012,44,6.66,22,6448.82
30-06-2012,38,6.69,19,4832.35
1/7/2012,22,6.69,11,1619.95
2/7/2012,37,6.75,18,4495.5
3/7/2012,46,6.77,23,7157.37
4/7/2012,45,6.55,21,6189.75
5/7/2012,38,6.77,18,4630.68
6/7/2012,50,6.73,24,8080.8
7/7/2012,75,6.75,36,18225
8/7/2012,49,6.87,23,7742.49
9/7/2012,55,6.9,28,10619.84
10/7/2012,75,7.24,37,20088.23
11/7/2012,52,7.26,26,9811.46
12/7/2012,48,7.32,24,8432.64
13-07-2012,63,7.9,26,12940.2
14-07-2012,51,7.69,23,9019.2
15-07-2012,62,7.65,30,14227.14
16-07-2012,68,8.29,30,16911.6
17-07-2012,98,9.49,49,45570.98
18-07-2012,81,9.4,30,22839.57
19-07-2012,63,9.28,29,16945.43
20-07-2012,73,9.23,36,24266.95
21-07-2012,84,9.7,40,32592
22-07-2012,70,9,35,22050
23-07-2012,64,9.2,31,18252.8
24-07-2012,46,8.96,23,9479.68
25-07-2012,95,8.77,35,29160.25
26-07-2012,57,8.9,25,12682.5
27-07-2012,57,8.95,29,14794.35
28-07-2012,112,8.93,38,38006.08
29-07-2012,43,8.89,22,8408.99
30-07-2012,107,9.15,51,49931.55
31-07-2012,77,9.44,39,28348.32
1/8/2012,96,9.54,47,43044.48
2/8/2012,74,9.8,37,26832.4
3/8/2012,49,11.12,25,13620.78
4/8/2012,57,11.3,29,18678.9
5/8/2012,64,11.19,32,22910.98
6/8/2012,75,11.29,38,32179.35
7/8/2012,60,11.04,30,19872
8/8/2012,71,11.15,33,26124.45
9/8/2012,44,12,22,11616
10/8/2012,52,11.6,26,15683.2
11/8/2012,67,11.6,33,25643.18
12/8/2012,365,11.77,34,146003.65
13-08-2012,97,11.87,46,52963.94
14-08-2012,50,12.18,25,15223.75
15-08-2012,101,12.67,49,62703.83
16-08-2012,117,13.84,57,92305.63
17-08-2012,86,15.4,43,56949.2
18-08-2012,95,15.26,46,66686.2
19-08-2012,99,12,38,45144
20-08-2012,48,10.5,24,12096
21-08-2012,79,10.3,40,32548
22-08-2012,73,10.26,37,27712.26
23-08-2012,70,10.25,35,25112.5
24-08-2012,51,10.25,26,13591.5
25-08-2012,73,10.25,37,27685.25
26-08-2012,61,10.62,31,20080.53
27-08-2012,182,12.15,34,75184.2
28-08-2012,80,11.38,29,26403.92
29-08-2012,61,11.21,32,21881.92
30-08-2012,79,10.94,40,34560.92
31-08-2012,88,10.84,45,42910.56
1/9/2012,87,10.42,43,38981.22
2/9/2012,56,10.19,27,15407.28
3/9/2012,91,10.5,46,43953
4/9/2012,70,10.59,33,24469.83
5/9/2012,88,10.58,44,40961.89
6/9/2012,95,11.17,48,50935.2
7/9/2012,94,11.29,47,49879.22
8/9/2012,59,11.21,30,19841.7
9/9/2012,64,11.14,32,22820.86
10/9/2012,60,11.13,30,20028.6
11/9/2012,89,11.19,41,40846.91
12/9/2012,54,11.38,26,15976.12
13-09-2012,60,11.4,29,19834.26
14-09-2012,73,11.75,37,31736.75
15-09-2012,43,11.8,22,11161.85
16-09-2012,245,11.99,23,67563.65
17-09-2012,57,11.96,25,17047.28
18-09-2012,81,12.09,34,33295.86
19-09-2012,42,12.61,21,11122.02
20-09-2012,73,12.69,31,28710.68
21-09-2012,51,12.57,26,16667.82
22-09-2012,97,12.44,29,35002.16
23-09-2012,52,12.28,23,14680.9
24-09-2012,76,12.3,35,32715.34
25-09-2012,58,12.23,29,20569.18
26-09-2012,91,12.28,38,42464.24
27-09-2012,393,12.46,29,142006.62
28-09-2012,64,12.44,26,20706.82
29-09-2012,85,12.49,32,33972.8
30-09-2012,34,12.48,17,7210.55
1/10/2012,79,12.48,23,22677.98
2/10/2012,70,12.88,36,32457.6
3/10/2012,60,12.9,29,22446
4/10/2012,66,13.09,33,28510.02
5/10/2012,58,12.99,29,21849.18
6/10/2012,101,12.9,36,46904.4
7/10/2012,130,12.74,50,82790.5
8/10/2012,51,12.08,25,15402
9/10/2012,61,12.35,31,23353.85
10/10/2012,74,12.15,38,34165.8
11/10/2012,68,12.19,35,29012.2
12/10/2012,541,12.15,35,230060.25
13-10-2012,56,12.14,26,17671.47
14-10-2012,44,12,22,11616
15-10-2012,57,12.03,23,15771.33
16-10-2012,109,11.99,38,49662.58
17-10-2012,87,11.99,26,27121.38
18-10-2012,52,11.96,27,16791.84
19-10-2012,62,11.97,28,20774.71
20-10-2012,61,11.85,31,22408.35
21-10-2012,108,11.8,45,57333.42
22-10-2012,76,11.81,39,35004.84
23-10-2012,90,12,30,32400
24-10-2012,70,11.82,35,28959
25-10-2012,33,11.71,16,6182.88
26-10-2012,50,11.1,25,13875
27-10-2012,20,10.84,9,1951.02
28-10-2012,125,10.61,19,25198.75
29-10-2012,87,10.95,25,23816.25
30-10-2012,52,10.85,26,14669.2
31-10-2012,49,11.14,24,13100.64
1/11/2012,588,11.28,28,185697.46
2/11/2012,78,11.21,27,23608.26
3/11/2012,63,10.6,18,12021.53
4/11/2012,50,10.68,24,12816
5/11/2012,78,10.9,33,28056.6
6/11/2012,90,10.89,41,40184.1
7/11/2012,79,11.22,37,32784.37
8/11/2012,104,11.1,42,48476.06
9/11/2012,37,11.07,19,7782.21
10/11/2012,66,10.96,32,23145.41
11/11/2012,42,10.94,21,9648.2
12/11/2012,37,11.18,18,7445.88
13-11-2012,51,11.13,24,13621.9
14-11-2012,62,11.05,31,21238.1
15-11-2012,128,11.11,43,61171.46
16-11-2012,91,11.8,45,48321
17-11-2012,82,11.8,26,25157.6
18-11-2012,62,11.83,24,17606.02
19-11-2012,71,11.8,34,28485.2
20-11-2012,46,11.84,21,11437.44
21-11-2012,91,11.78,45,48255.48
22-11-2012,79,12.28,34,32984.08
23-11-2012,88,12.43,44,48128.96
24-11-2012,55,12.41,26,17747.73
25-11-2012,86,12.6,38,41176.8
26-11-2012,67,12.65,32,27125.89
27-11-2012,71,12.53,30,26688.9
28-11-2012,99,12.41,46,56501.48
29-11-2012,141,12.6,34,60399.61
30-11-2012,57,12.65,28,20189.4
1/12/2012,72,12.69,31,28319.62
2/12/2012,40,12.68,19,9636.8
3/12/2012,57,12.68,28,20235.68
4/12/2012,78,12.97,37,37422.76
5/12/2012,99,13.5,42,56133
6/12/2012,75,13.69,37,37986.98
7/12/2012,58,13.68,29,23009.76
8/12/2012,69,13.55,29,27113.55
9/12/2012,61,13.53,24,19807.92
10/12/2012,75,13.55,38,38617.5
11/12/2012,97,13.64,37,48953.96
12/12/2012,82,13.64,41,45857.68
13-12-2012,156,13.8,49,105487.2
14-12-2012,99,13.9,50,68809.95
15-12-2012,70,13.77,35,33741.4
16-12-2012,55,13.67,28,21044.1
17-12-2012,66,13.5,32,28507.78
18-12-2012,116,13.4,50,77714.2
19-12-2012,95,13.4,47,59826.54
20-12-2012,73,13.72,38,38059.28
21-12-2012,123,13.65,52,87292.61
22-12-2012,146,13.59,64,126984.96
23-12-2012,80,13.49,38,40994.4
24-12-2012,76,13.45,39,39865.8
25-12-2012,75,13.45,29,29253.75
26-12-2012,49,13.4,24,15757.22
27-12-2012,95,13.47,44,56304.6
28-12-2012,70,13.65,33,31531.5
29-12-2012,90,13.67,37,45521.1
30-12-2012,121,13.57,54,88666.38
31-12-2012,71,13.59,31,29911.59
1/1/2013,64,13.56,31,26905.02
2/1/2013,134,13.4,51,91575.6
3/1/2013,93,13.46,44,55094.69
4/1/2013,79,13.49,40,42628.4
5/1/2013,101,13.55,46,62944.01
6/1/2013,56,13.53,28,21215.04
7/1/2013,77,13.54,39,40645.61
8/1/2013,82,13.83,41,46496.46
9/1/2013,91,13.88,39,49260.12
10/1/2013,180,14.32,55,141768
11/1/2013,133,14.3,56,106506.4
12/1/2013,85,14.35,35,42691.25
13-01-2013,96,14.32,45,61840.8
14-01-2013,140,14.3,50,100100
15-01-2013,134,14.48,48,93128.93
16-01-2013,146,14.69,55,117952.67
17-01-2013,99,15.39,49,74656.89
18-01-2013,115,15.99,52,95590.3
19-01-2013,144,15.84,66,150571.87
20-01-2013,81,15.89,41,52770.69
21-01-2013,85,16.98,40,57732
22-01-2013,110,17.59,52,100614.8
23-01-2013,75,17.59,31,40894.43
24-01-2013,573,19.19,57,626764.59
25-01-2013,109,18.84,51,104703.77
26-01-2013,120,17.62,55,116285.4
27-01-2013,97,18,44,76824
28-01-2013,109,18.45,47,94519.35
29-01-2013,118,19.8,55,128502
30-01-2013,83,19.7,41,67039.1
31-01-2013,88,21.43,44,82976.96
1/2/2013,170,21.3,55,199155
2/2/2013,132,21.1,38,105837.6
3/2/2013,126,20.68,50,130284
4/2/2013,107,21.05,47,105860.45
5/2/2013,112,20.79,51,118752.48
6/2/2013,87,21.33,43,79810.49
7/2/2013,131,22.15,64,185705.6
8/2/2013,124,22.15,62,170289.2
9/2/2013,124,23.7,55,161634
10/2/2013,154,23.62,74,269116.54
11/2/2013,112,24.2,56,151757.31
12/2/2013,140,25.77,61,220075.8
13-02-2013,142,26.1,73,270552.6
14-02-2013,106,26.53,52,146238.87
15-02-2013,112,27,56,169337.73
16-02-2013,104,27.07,49,137948.72
17-02-2013,85,25.61,44,95773.92
18-02-2013,86,26.82,43,99165.57
19-02-2013,175,28.79,58,292218.5
20-02-2013,121,29.81,51,183969.85
21-02-2013,107,29.8,54,172184.4
22-02-2013,111,30.9,55,188650.61
23-02-2013,123,29.28,62,223289.28
24-02-2013,164,30.3,63,313038.94
25-02-2013,127,30.25,60,230505
26-02-2013,127,31.18,64,253422.91
27-02-2013,120,31.4,56,211021.44
28-02-2013,164,33.5,72,395568
1/3/2013,160,34.88,73,407375.04
2/3/2013,100,34.18,50,170905
3/3/2013,153,34.1,51,266082.3
4/3/2013,189,36.35,73,501520.95
5/3/2013,138,40.04,65,359158.8
6/3/2013,122,47.5,59,341905
7/3/2013,122,42.49,54,279943.88
8/3/2013,133,42.98,62,354413.08
9/3/2013,316,46.01,53,770592.23
10/3/2013,133,46.5,69,426730.5
11/3/2013,129,47.74,61,375666.06
12/3/2013,144,45.02,49,317647.01
13-03-2013,108,46.8,52,262828.8
14-03-2013,214,47.28,62,627257.97
15-03-2013,134,47.25,65,411547.5
16-03-2013,109,47.11,49,251614.51
17-03-2013,80,47.44,40,151814.4
18-03-2013,81,47.65,42,162105.3
19-03-2013,93,57.76,44,236353.92
20-03-2013,65,63.41,32,131892.8
21-03-2013,145,73.8,73,781173
22-03-2013,158,71.5,61,689117
23-03-2013,88,63,44,243936
24-03-2013,106,70.1,52,386391.2
25-03-2013,142,73.89,57,598049.47
26-03-2013,111,78,54,467532
27-03-2013,119,88.9,62,655904.2
28-03-2013,145,93.57,68,922570.62
29-03-2013,168,89.05,63,942505.2
30-03-2013,104,91,52,492128
31-03-2013,157,92.5,44,638990
1/4/2013,109,102.51,34,379902.06
2/4/2013,463,108.73,61,3070861.39
3/4/2013,126,138.79,61,1066739.94
4/4/2013,135,132,59,1051372.04
5/4/2013,124,143.8,62,1105534.4
6/4/2013,95,142.5,47,636253.57
7/4/2013,168,160.1,65,1748292
8/4/2013,177,184,63,2051784
9/4/2013,156,237.99,73,2710230.12
10/4/2013,138,198,70,1912680
11/4/2013,164,123.4,76,1538070.06
12/4/2013,134,76.49,63,645711.7
13-04-2013,77,109.5,40,337260
14-04-2013,102,91,51,473382
15-04-2013,81,91,36,265356
16-04-2013,157,91,59,842933
17-04-2013,150,85.6,68,873120
18-04-2013,82,96.5,43,340259
19-04-2013,135,119.62,67,1081962.9
20-04-2013,106,123.86,54,708974.64
21-04-2013,120,125,41,615000
22-04-2013,133,123.52,42,689954.79
23-04-2013,160,136.08,77,1676517.92
24-04-2013,395,153.2,61,3691354
25-04-2013,131,151.12,62,1227396.64
26-04-2013,98,135.6,49,651156
27-04-2013,87,128,43,478848
28-04-2013,96,135.99,37,483036.48
29-04-2013,109,141.5,53,817445.5
30-04-2013,90,139.11,45,563391.45
1/5/2013,119,124.3,61,902293.7
2/5/2013,136,105,70,999600
3/5/2013,144,93.15,53,710920.8
4/5/2013,139,111.99,46,716064.06
5/5/2013,219,117.89,51,1316713.41
6/5/2013,128,120.95,66,1021785.6
7/5/2013,151,106.81,56,903185.36
8/5/2013,619,113.95,59,4161567.95
9/5/2013,131,109.56,65,932920.43
10/5/2013,105,117.68,51,630176.4
11/5/2013,160,115.4,83,1532512
12/5/2013,146,114.32,76,1268494.72
13-05-2013,144,117.5,52,879862.46
14-05-2013,118,119,59,828478
15-05-2013,170,114.99,81,1583343.45
16-05-2013,112,115.09,59,760514.72
17-05-2013,511,124.49,57,3626020.23
18-05-2013,135,123.75,51,852018.75
19-05-2013,101,121.06,47,574652.83
20-05-2013,125,122.65,58,889212.5
21-05-2013,106,122.5,52,675220
22-05-2013,94,122.64,46,530295.36
23-05-2013,100,125.67,51,640917
24-05-2013,130,131.5,65,1111175
25-05-2013,129,132.69,64,1095488.64
26-05-2013,104,134.05,55,766748.84
27-05-2013,102,132.61,48,649258.56
28-05-2013,110,128.32,55,776342.05
29-05-2013,120,129.98,59,920258.4
30-05-2013,111,131,58,843352.25
31-05-2013,167,127.34,53,1127095.19
1/6/2013,148,129.2,42,803100.98
2/6/2013,128,120.6,62,957105.41
3/6/2013,118,120,60,849600
4/6/2013,85,120.57,43,440672.39
5/6/2013,265,122.41,66,2140863.45
6/6/2013,112,120.69,53,716415.84
7/6/2013,146,110.3,65,1046699.55
8/6/2013,135,107.8,67,975051
9/6/2013,177,98.47,57,993463.83
10/6/2013,72,104.97,36,272079.65
11/6/2013,85,108,43,394740
12/6/2013,170,108.16,49,900989.46
13-06-2013,213,109,46,1067982
14-06-2013,103,100,48,494400
15-06-2013,70,101.97,35,249826.5
16-06-2013,124,100,60,744000
17-06-2013,77,100.53,39,301876.58
18-06-2013,85,107.39,45,410766.75
19-06-2013,93,107.84,48,481375.44
20-06-2013,134,111.97,49,735195.02
21-06-2013,89,111,46,454434
22-06-2013,105,109.09,50,572722.5
23-06-2013,79,107.68,39,331774.4
24-06-2013,104,101.97,51,540843.58
25-06-2013,101,103.87,47,493056.65
26-06-2013,108,104.41,52,586344.1
27-06-2013,131,102.79,41,552085.09
28-06-2013,128,96.64,49,606094.72
29-06-2013,77,95.85,37,273085.2
30-06-2013,63,96.5,32,194544
1/7/2013,90,91,45,368541.9
2/7/2013,105,89.55,52,488943
3/7/2013,59,82.8,32,156326.4
4/7/2013,82,79.8,41,268287.6
5/7/2013,76,67.86,39,201131.11
6/7/2013,60,69.35,31,128983.56
7/7/2013,173,70.94,38,466372.71
8/7/2013,89,77.64,42,290218.32
9/7/2013,87,76.33,43,285543.05
10/7/2013,181,78.59,34,483636.71
11/7/2013,76,87.15,37,245065.8
12/7/2013,91,97.8,44,391591.2
13-07-2013,90,96,44,380140.2
14-07-2013,74,94.75,35,245402.5
15-07-2013,53,98.38,26,135560.75
16-07-2013,93,97.01,40,360877.2
17-07-2013,268,97.97,39,1023982.44
18-07-2013,87,90.4,45,353916
19-07-2013,75,93.41,39,273227.18
20-07-2013,69,91.88,33,209206.21
21-07-2013,93,88.94,44,363942.48
22-07-2013,82,91.79,41,308591.26
23-07-2013,64,95.4,32,195371.01
24-07-2013,82,93.62,43,330111.17
25-07-2013,82,96.2,41,323424.4
26-07-2013,70,96.4,36,242915.4
27-07-2013,100,95.21,48,456984
28-07-2013,60,99,28,166320
29-07-2013,81,101.04,41,335560.48
30-07-2013,171,101.9,45,784120.5
31-07-2013,94,104.96,44,434098.02
1/8/2013,119,104.19,57,706720.77
2/8/2013,97,105.5,49,501441.5
3/8/2013,93,103.8,43,415096.2
4/8/2013,132,104.68,34,469781.4
5/8/2013,111,106.4,55,649572
6/8/2013,107,106.88,53,606139.16
7/8/2013,132,105.6,64,892108.8
8/8/2013,114,101.9,55,638913
9/8/2013,100,102.3,51,521730
10/8/2013,113,102.62,55,637770.87
11/8/2013,91,103.85,44,415815.4
12/8/2013,73,105,37,283591.5
13-08-2013,285,107.3,55,1681911.83
14-08-2013,111,100.03,53,588476.49
15-08-2013,141,98.28,68,942308.64
16-08-2013,134,98.51,64,844821.76
17-08-2013,148,98.39,66,961073.52
18-08-2013,116,99.02,55,631747.6
19-08-2013,123,102.07,58,728167.38
20-08-2013,163,104.59,76,1295660.92
21-08-2013,97,109.75,49,521641.75
22-08-2013,159,111.01,79,1394396.61
23-08-2013,151,107.48,58,941309.84
24-08-2013,127,108.79,61,842796.13
25-08-2013,101,112.9,50,570145
26-08-2013,110,111.8,53,651794
27-08-2013,161,117.52,66,1248767.52
28-08-2013,207,119.25,62,1530454.5
29-08-2013,120,119.48,61,874593.6
30-08-2013,109,124.79,52,707309.72
31-08-2013,80,132.75,42,446040
1/9/2013,197,130.82,52,1340120.08
2/9/2013,108,131.03,53,750015.72
3/9/2013,105,130.45,54,739651.5
4/9/2013,107,126.74,55,745864.9
5/9/2013,124,124.51,62,957232.88
6/9/2013,114,122.44,58,809573.28
7/9/2013,103,120.15,54,668274.3
8/9/2013,77,118.51,37,337634.99
9/9/2013,97,121.66,49,578249.98
10/9/2013,212,123.39,59,1543362.12
11/9/2013,129,124.1,55,880489.5
12/9/2013,81,128.45,41,426582.45
13-09-2013,67,128.29,34,292244.62
14-09-2013,78,124.32,40,387878.4
15-09-2013,85,125.46,44,469220.4
16-09-2013,120,126.02,60,907344
17-09-2013,140,127.56,67,1196512.8
18-09-2013,363,127.23,59,2724884.91
19-09-2013,109,124.1,52,703398.8
20-09-2013,173,123.98,59,1265463.86
21-09-2013,137,123.5,65,1099767.5
22-09-2013,110,122.78,56,756324.8
23-09-2013,158,123.02,72,1399475.52
24-09-2013,129,122.59,64,1012103.04
25-09-2013,135,124.18,66,1106443.8
26-09-2013,106,123.85,56,735173.6
27-09-2013,72,125.6,34,307468.8
28-09-2013,109,126.5,50,689425
29-09-2013,87,128.1,45,501511.5
30-09-2013,87,125.8,43,470617.8
1/10/2013,110,127.11,58,810961.8
2/10/2013,294,104.47,77,2364991.86
3/10/2013,149,116.95,56,975830.8
4/10/2013,107,122,55,717970
5/10/2013,99,121.51,48,577415.52
6/10/2013,79,121.6,41,393862.4
7/10/2013,110,123.6,39,530244
8/10/2013,111,123.84,52,714804.48
9/10/2013,125,126.08,52,819520
10/10/2013,114,126.43,52,749477.04
11/10/2013,142,126.84,69,1242778.32
12/10/2013,193,127.53,51,1255277.79
13-10-2013,215,129.74,54,1506281.4
14-10-2013,108,135.69,53,776689.56
15-10-2013,106,139.24,53,782250.32
16-10-2013,270,141.83,56,2144469.6
17-10-2013,81,143.33,40,464389.2
18-10-2013,116,150.59,59,1030637.96
19-10-2013,124,165.05,63,1289370.6
20-10-2013,101,165.71,51,853572.21
21-10-2013,125,177.07,59,1305891.25
22-10-2013,101,191.78,52,1007228.56
23-10-2013,89,199.95,42,747413.1
24-10-2013,100,195.78,48,939744
25-10-2013,121,172.81,60,1254600.6
26-10-2013,87,179.71,43,672295.11
27-10-2013,73,189.06,37,510651.06
28-10-2013,97,196.25,49,932776.25
29-10-2013,105,202.09,54,1145850.3
30-10-2013,102,203.39,49,1016543.22
31-10-2013,194,201.61,63,2464077.42
1/11/2013,235,203.24,41,1958217.4
2/11/2013,79,204.15,39,628986.15
3/11/2013,73,206.85,36,543601.8
4/11/2013,128,225.1,51,1469452.8
5/11/2013,116,246.63,57,1630717.56
6/11/2013,100,258.23,50,1291150
7/11/2013,152,292.32,60,2665958.4
8/11/2013,140,325.56,65,2962596
9/11/2013,107,359.76,56,2155681.92
10/11/2013,131,296.91,62,2411503.02
11/11/2013,148,339.38,77,3867574.48
12/11/2013,145,353.95,67,3438624.25
13-11-2013,122,391.64,63,3010145.04
14-11-2013,177,416.5,83,6118801.5
15-11-2013,127,428.24,63,3426348.24
16-11-2013,136,433.53,56,3301764.48
17-11-2013,95,463,48,2111280
18-11-2013,234,583.16,86,11735511.84
19-11-2013,222,559.99,93,11561553.54
20-11-2013,176,595,81,8482320
21-11-2013,143,694.95,76,7552716.6
22-11-2013,152,761,76,8791072
23-11-2013,151,837.99,74,9363700.26
24-11-2013,120,833.16,58,5798793.6
25-11-2013,387,814,84,26461512
26-11-2013,192,844.9,94,15248755.2
27-11-2013,203,961,90,17557470
28-11-2013,253,1009,89,22719653
29-11-2013,219,1083.9,103,24449532.3
30-11-2013,162,1119.96,80,14514681.6
1/12/2013,186,970,89,16057380
2/12/2013,178,992.27,82,14483172.92
3/12/2013,167,1060,76,13453520
4/12/2013,190,1151,86,18807340
5/12/2013,364,1028.34,82,30693892.32
6/12/2013,187,894,78,13039884
7/12/2013,174,727.29,79,9997328.34
8/12/2013,110,722.99,49,3896916.1
9/12/2013,132,871,63,7243236
10/12/2013,155,936.98,75,10892392.5
11/12/2013,110,886.2,57,5556474
12/12/2013,150,845.75,69,8753512.5
13-12-2013,135,874,56,6607440
14-12-2013,145,864.7,58,7272127
15-12-2013,105,848.17,49,4363834.65
16-12-2013,187,709,81,10739223
17-12-2013,166,702.05,82,9556304.6
18-12-2013,162,576.16,81,7560371.52
19-12-2013,122,653,60,4779960
20-12-2013,159,660,63,6611220
21-12-2013,139,612.5,62,5278525
22-12-2013,124,637,62,4897256
23-12-2013,82,639.9,40,2098872
24-12-2013,112,647.27,51,3697206.24
25-12-2013,231,658.07,54,8208765.18
26-12-2013,229,734.42,52,8745473.36
27-12-2013,123,715.51,53,4664409.69
28-12-2013,110,701.61,42,3241438.2
29-12-2013,179,714.79,66,8444529.06
30-12-2013,221,739.1,43,7023667.3
31-12-2013,249,731,60,10921140
1/1/2014,84,746.9,37,2321365.2
2/1/2014,116,758.01,52,4572316.32
3/1/2014,116,806.21,59,5517701.24
4/1/2014,279,822.38,42,9636648.84
5/1/2014,104,896,52,4845568
6/1/2014,141,934.21,59,7771692.99
7/1/2014,224,867.38,70,13600518.4
8/1/2014,197,825.29,54,8779435.02
9/1/2014,160,809.17,62,8026966.4
10/1/2014,130,827.46,55,5916339
11/1/2014,140,891.85,64,7990976
12/1/2014,140,851,63,7505820
13-01-2014,292,807.83,45,10614886.2
14-01-2014,121,820.75,62,6157266.5
15-01-2014,3060,847.7,58,150449796
16-01-2014,92,830.9,48,3669254.4
17-01-2014,155,793,72,8849880
18-01-2014,201,801.53,53,8538699.09
19-01-2014,115,833,45,4310775
20-01-2014,163,831.72,63,8540932.68
21-01-2014,142,822.56,72,8409853.44
22-01-2014,133,813.05,54,5839325.1
23-01-2014,159,813.02,80,10341614.4
24-01-2014,163,789.1,77,9903994.1
25-01-2014,122,806,62,6096584
26-01-2014,117,826.77,48,4643140.32
27-01-2014,178,777,69,9543114
28-01-2014,153,800.2,73,8937433.8
29-01-2014,140,803.6,65,7312760
30-01-2014,148,799.37,64,7571632.64
31-01-2014,114,802.5,56,5123160
1/2/2014,155,815.99,63,7968142.35
2/2/2014,110,819.57,51,4597787.7
3/2/2014,167,813.8,60,8154276
4/2/2014,281,809.05,70,15914013.5
5/2/2014,111,800,53,4706400
6/2/2014,193,778,84,12612936
7/2/2014,126,742.78,61,5709007.08
8/2/2014,170,707,70,8413300
9/2/2014,273,710,58,11242140
10/2/2014,121,665,58,4666970
11/2/2014,143,670,72,6898320
12/2/2014,154,667.01,68,6984928.72
13-02-2014,166,633.99,66,6945994.44
14-02-2014,221,672.1,92,13665137.2
15-02-2014,159,651.42,60,6214546.8
16-02-2014,139,623.5,53,4593324.5
17-02-2014,152,642,73,7123632
18-02-2014,342,626.77,83,17791493.22
19-02-2014,467,623.93,80,23310024.8
20-02-2014,197,582.7,63,7231889.7
21-02-2014,200,566.16,75,8492400
22-02-2014,311,603.98,63,11833780.14
23-02-2014,170,626.77,63,6712706.7
24-02-2014,162,545,70,6180300
25-02-2014,221,528,88,10268544
26-02-2014,179,585.38,75,7858726.5
27-02-2014,156,585.17,64,5842337.28
28-02-2014,170,577.97,71,6976097.9
1/3/2014,180,571.5,60,6172200
2/3/2014,194,559.88,72,7820403.84
3/3/2014,180,666.5,71,8517870
4/3/2014,246,677.61,103,17169282.18
5/3/2014,191,664.85,77,9777948.95
6/3/2014,125,657.02,58,4763395
7/3/2014,377,621.3,74,17333027.4
8/3/2014,170,609,61,6315330
9/3/2014,285,637.99,70,12727900.5
10/3/2014,180,621.99,79,8844697.8
11/3/2014,216,622.9,78,10494619.2
12/3/2014,162,642.1,72,7489454.4
13-03-2014,146,642.61,78,7318042.68
14-03-2014,226,636.47,72,10356639.84
15-03-2014,154,636.29,62,6075296.92
16-03-2014,112,634.94,55,3911230.4
17-03-2014,157,624.7,65,6375063.5
18-03-2014,124,627,57,4431636
19-03-2014,159,608.41,78,7545500.82
20-03-2014,250,590,85,12537500
21-03-2014,202,579.99,69,8083900.62
22-03-2014,108,557,53,3188268
23-03-2014,151,567.13,51,4367468.13
24-03-2014,123,572,59,4151004
25-03-2014,213,580.02,82,10130629.32
26-03-2014,165,585.7,81,7827880.5
27-03-2014,165,520.2,72,6179976
28-03-2014,154,503,72,5577264
29-03-2014,105,499.94,42,2204735.4
30-03-2014,185,449.02,57,4734915.9
31-03-2014,164,457,70,5246360
1/4/2014,135,479.51,67,4337167.95
2/4/2014,176,445,61,4777520
3/4/2014,304,446.31,77,10447224.48
4/4/2014,245,446.01,78,8523251.1
5/4/2014,117,451.84,53,2801859.84
6/4/2014,91,459.67,40,1673198.8
7/4/2014,172,447.74,54,4158609.12
8/4/2014,149,454.07,68,4600637.24
9/4/2014,137,443.1,66,4006510.2
10/4/2014,132,401,59,3122988
11/4/2014,145,427.99,58,3599395.9
12/4/2014,157,424.98,48,3202649.28
13-04-2014,120,405,47,2284200
14-04-2014,582,453.14,82,21625653.36
15-04-2014,154,489.91,62,4677660.68
16-04-2014,175,511.5,64,5728800
17-04-2014,129,495,61,3895155
18-04-2014,130,479.98,56,3494254.4
19-04-2014,102,499.9,50,2549490
20-04-2014,233,500.19,42,4894859.34
21-04-2014,127,496.5,63,3972496.5
22-04-2014,221,493.33,86,9376229.98
23-04-2014,198,487.3,78,7525861.2
24-04-2014,187,491.6,74,6802760.8
25-04-2014,233,459.15,70,7488736.5
26-04-2014,186,463.88,65,5608309.2
27-04-2014,552,440.1,58,14090241.6
28-04-2014,251,447,68,7629396
29-04-2014,182,447.7,72,5866660.8
30-04-2014,204,449,65,5953740
1/5/2014,172,460.01,67,5301155.24
2/5/2014,203,447.51,66,5995738.98
3/5/2014,134,434.5,56,3260488
4/5/2014,123,436.21,56,3004614.48
5/5/2014,181,427.83,82,6349852.86
6/5/2014,148,430.33,65,4139774.6
7/5/2014,148,446.65,65,4296773
8/5/2014,126,441.5,59,3282111
9/5/2014,337,452.02,59,8987513.66
10/5/2014,163,452.42,58,4277178.68
11/5/2014,99,435,52,2239380
12/5/2014,180,441.5,72,5721840
13-05-2014,165,438.95,69,4997445.75
14-05-2014,228,447.49,76,7754106.72
15-05-2014,307,448.99,76,10475834.68
16-05-2014,182,449.51,73,5972189.86
17-05-2014,123,449.08,48,2651368.32
18-05-2014,119,447.14,58,3086160.28
19-05-2014,159,446.42,65,4613750.7
20-05-2014,136,485.01,61,4023642.96
21-05-2014,187,494.87,72,6662929.68
22-05-2014,346,523.84,78,14137393.92
23-05-2014,323,527.47,74,12607587.94
24-05-2014,202,521.52,63,6636863.52
25-05-2014,131,575,52,3916900
26-05-2014,262,584,63,9639504
27-05-2014,197,581.87,74,8482500.86
28-05-2014,213,574.33,78,9541918.62
29-05-2014,147,568,67,5594232
30-05-2014,151,609.03,67,6161556.51
31-05-2014,88,620.45,44,2402382.4
1/6/2014,121,674.98,58,4737009.64
2/6/2014,247,631.49,81,12634220.43
3/6/2014,189,673.9,63,8024127.3
4/6/2014,170,644.66,61,6685124.2
5/6/2014,112,658.72,57,4205268.48
6/6/2014,154,655.75,66,6665043
7/6/2014,125,654.3,51,4171162.5
8/6/2014,132,652,47,4045008
9/6/2014,136,650.93,60,5311588.8
10/6/2014,152,649.89,67,6618479.76
11/6/2014,108,639.99,48,3317708.16
12/6/2014,206,617,77,9786854
13-06-2014,149,582,67,5810106
14-06-2014,168,557.92,43,4030414.08
15-06-2014,154,560.49,52,4488403.92
16-06-2014,198,595,80,9424800
17-06-2014,278,597.65,65,10799535.5
18-06-2014,162,604.6,61,5974657.2
19-06-2014,186,604.32,64,7193825.28
20-06-2014,109,593.33,49,3168975.53
21-06-2014,100,590.99,40,2363960
22-06-2014,1144,596.08,62,42278762.24
23-06-2014,150,591.5,65,5767125
24-06-2014,170,585.54,70,6967926
25-06-2014,205,567,72,8368920
26-06-2014,226,569,64,8230016
27-06-2014,145,588.97,57,4867837.05
28-06-2014,141,597.08,57,4798731.96
29-06-2014,135,596,60,4827600
30-06-2014,139,620,61,5256980
1/7/2014,137,654.45,61,5469238.65
2/7/2014,275,654,57,10251450
3/7/2014,221,644.04,72,10247964.48
4/7/2014,121,635.49,52,3998503.08
5/7/2014,107,632.78,49,3317665.54
6/7/2014,263,634.49,59,9845381.33
7/7/2014,207,621.98,67,8626240.62
8/7/2014,132,623.7,66,5433674.4
9/7/2014,138,624.84,53,4570079.76
10/7/2014,272,619.78,75,12643512
11/7/2014,184,630.31,69,8002415.76
12/7/2014,171,631.98,63,6808320.54
13-07-2014,165,630.9,63,6558205.5
14-07-2014,146,622.8,63,5728514.4
15-07-2014,289,623.17,82,14767882.66
16-07-2014,132,619.48,61,4988052.96
17-07-2014,220,626,84,11568480
18-07-2014,171,629.86,65,7000893.9
19-07-2014,177,630.92,61,6812043.24
20-07-2014,119,623.77,49,3637202.87
21-07-2014,144,619.14,71,6330087.36
22-07-2014,143,621.03,62,5506051.98
23-07-2014,130,622.01,64,5175123.2
24-07-2014,146,601.18,61,5354109.08
25-07-2014,169,602.59,68,6924964.28
26-07-2014,327,595.88,57,11106607.32
27-07-2014,167,592.51,52,5145356.84
28-07-2014,157,586.96,64,5897774.08
29-07-2014,301,581.5,72,12602268
30-07-2014,215,573.48,78,9617259.6
31-07-2014,319,586,102,19067268
1/8/2014,178,601.94,73,7821608.36
2/8/2014,143,591.59,57,4822050.09
3/8/2014,107,589.79,54,3407806.62
4/8/2014,122,593.94,64,4637483.52
5/8/2014,193,580.21,75,8398539.75
6/8/2014,556,581.6,83,26839676.8
7/8/2014,146,587.24,67,5744381.68
8/8/2014,222,589.3,67,8765248.2
9/8/2014,146,588.61,60,5156223.6
10/8/2014,324,588.99,53,10114136.28
11/8/2014,327,578.97,83,15713824.77
12/8/2014,180,569.54,79,8098858.8
13-08-2014,157,550.14,64,5527806.72
14-08-2014,141,521.66,69,5075230.14
15-08-2014,121,498.16,60,3616641.6
16-08-2014,162,509,54,4452732
17-08-2014,151,491.88,61,4530706.68
18-08-2014,139,468.19,64,4165018.24
19-08-2014,191,487.5,81,7542112.5
20-08-2014,145,507.3,77,5664004.5
21-08-2014,197,525.78,73,7561242.18
22-08-2014,156,518.25,66,5335902
23-08-2014,131,503.88,48,3168397.44
24-08-2014,307,510.75,57,8937614.25
25-08-2014,185,503.79,70,6524080.5
26-08-2014,189,512.79,70,6784211.7
27-08-2014,141,514.84,64,4645916.16
28-08-2014,234,509.39,81,9654978.06
29-08-2014,137,511.99,71,4980126.73
30-08-2014,252,503.88,55,6983776.8
31-08-2014,155,477.98,58,4297040.2
1/9/2014,268,482.59,74,9570724.88
2/9/2014,144,483.65,61,4248381.6
3/9/2014,257,472.76,72,8747951.04
4/9/2014,710,486,85,29330100
5/9/2014,249,485.91,73,8832386.07
6/9/2014,169,481.09,53,4309123.13
7/9/2014,173,480.62,54,4489952.04
8/9/2014,147,476.61,69,4834255.23
9/9/2014,217,466.48,90,9110354.4
10/9/2014,166,485.03,73,5877593.54
11/9/2014,152,469,71,5061448
12/9/2014,195,470.43,76,6971772.6
13-09-2014,165,479.86,70,5542383
14-09-2014,161,475.49,66,5052556.74
15-09-2014,181,475.3,74,6366168.2
16-09-2014,197,468,92,8482032
17-09-2014,234,448,91,9539712
18-09-2014,167,428.19,82,5863633.86
19-09-2014,139,398.89,60,3326742.6
20-09-2014,159,415.56,66,4360886.64
21-09-2014,155,406.3,68,4282402
22-09-2014,152,400.98,69,4205478.24
23-09-2014,566,423,60,14365080
24-09-2014,169,431.91,77,5620444.83
25-09-2014,241,408.08,65,6392573.2
26-09-2014,173,405.14,72,5046423.84
27-09-2014,148,400.74,62,3677190.24
28-09-2014,218,380,74,6130160
29-09-2014,121,381.94,60,2772884.4
30-09-2014,156,382.67,70,4178756.4
1/10/2014,211,385.27,76,6178189.72
2/10/2014,197,375.85,75,5553183.75
3/10/2014,157,363.75,63,3597851.25
4/10/2014,176,336,49,2897664
5/10/2014,155,293.67,77,3504951.45
6/10/2014,201,331.2,81,5392267.2
7/10/2014,208,330.7,83,5709204.8
8/10/2014,171,346.26,82,4855257.72
9/10/2014,141,378.94,61,3259262.94
10/10/2014,184,358.97,88,5812442.24
11/10/2014,168,359.99,60,3628699.2
12/10/2014,312,364.83,54,6146655.84
13-10-2014,221,381.46,71,5985488.86
14-10-2014,225,411.89,84,7784721
15-10-2014,353,394,97,13490954
16-10-2014,182,378.02,79,5435171.56
17-10-2014,185,382.83,75,5311766.25
18-10-2014,319,389.68,59,7334167.28
19-10-2014,348,388.99,74,10017270.48
20-10-2014,164,384.95,76,4798016.8
21-10-2014,182,387,88,6198192
22-10-2014,227,385.1,69,6031821.3
23-10-2014,181,363.99,76,5007046.44
24-10-2014,214,358.46,73,5599862.12
25-10-2014,185,348.89,81,5228116.65
26-10-2014,328,355.43,78,9093321.12
27-10-2014,253,356.5,89,8027310.5
28-10-2014,5432,354.94,89,171595033.1
29-10-2014,267,343.53,88,8071580.88
30-10-2014,291,337,87,8531829
31-10-2014,239,340.95,90,7333834.5
1/11/2014,120,327.39,61,2396494.8
2/11/2014,898,326.41,69,20225016.42
3/11/2014,597,325.81,80,15560685.6
4/11/2014,202,328.72,67,4448896.48
5/11/2014,180,341.99,84,5170888.8
6/11/2014,204,347.96,94,6672480.96
7/11/2014,203,342.26,85,5905696.3
8/11/2014,167,345.84,72,4158380.16
9/11/2014,172,356.34,70,4290333.6
10/11/2014,269,375.87,100,10110903
11/11/2014,239,365.04,91,7939254.96
12/11/2014,291,430.07,109,13641390.33
13-11-2014,596,406.56,100,24230976
14-11-2014,278,396.56,91,10032174.88
15-11-2014,230,373.14,79,6779953.8
16-11-2014,372,383.65,83,11845577.4
17-11-2014,230,378.48,87,7573384.8
18-11-2014,1468,379.91,107,59674743.16
19-11-2014,207,374.77,80,6206191.2
20-11-2014,196,361.7,87,6167708.4
21-11-2014,163,356.9,72,4188578.4
22-11-2014,186,359.8,73,4885364.4
23-11-2014,166,362.99,78,4699994.52
24-11-2014,195,384,69,5166720
25-11-2014,341,381.03,110,14292435.3
26-11-2014,207,371.44,87,6689262.96
27-11-2014,265,372.62,85,8393265.5
28-11-2014,390,376.12,92,13495185.6
29-11-2014,152,377.22,67,3841608.48
30-11-2014,199,375.96,84,6284547.36
1/12/2014,258,381.72,87,8568087.12
2/12/2014,1332,381.93,105,53416729.8
3/12/2014,371,378.25,99,13892744.25
4/12/2014,236,371.67,105,9209982.6
5/12/2014,986,373.98,101,37243172.28
6/12/2014,185,374.05,80,5535940
7/12/2014,173,375.73,68,4420087.72
8/12/2014,384,367.01,110,15502502.4
9/12/2014,242,350.29,90,7629316.2
10/12/2014,211,350.97,85,6294646.95
11/12/2014,212,356.1,84,6341428.8
12/12/2014,381,355.08,87,11769836.76
13-12-2014,46,350.31,21,338399.46
